label,area,perimeter,solidity,corners,area_size,size_normalized,corners_normalized,width,height,perfect_area,width_to_height_ratio,area_normalized
1,215.4,14.26,0.7928850810206742,60.0,50.0,5.1084,0.3,3.37,2.04,2500.0,1.6528925619834711,0.08616
2,642.87,32.04,0.6339986693280106,138.0,50.0,15.2464,0.69,4.55,4.62,2500.0,0.9854014598540146,0.257148
3,5.9,2.88,0.5139500734214391,10.0,50.0,0.14,0.05,1.1,0.37,2500.0,2.9545454545454546,0.00236
4,1283.03,54.91,0.8602689223879584,214.0,50.0,30.4284,1.07,6.11,6.17,2500.0,0.9890710382513661,0.513212
5,43.46,7.68,0.456591070163005,36.0,50.0,1.0308,0.18,2.45,1.08,2500.0,2.265625,0.017384
6,202.34,9.12,0.8871552170376396,29.0,50.0,4.7988,0.145,2.93,1.62,2500.0,1.8125,0.08093600000000001
7,237.24,16.46,0.7469598003292444,55.0,50.0,5.6264,0.275,5.36,1.25,2500.0,4.297297297297297,0.09489600000000001
8,2234.72,29.22,0.946867049709859,115.0,50.0,52.9988,0.575,5.92,8.16,2500.0,0.7252066115702479,0.8938879999999999
9,2155.65,28.63,0.9460885914783999,75.0,50.0,51.1236,0.375,6.53,6.49,2500.0,1.0051948051948052,0.86226
10,2063.63,28.52,0.9172645420536926,109.0,50.0,48.9412,0.545,6.7,6.51,2500.0,1.028497409326425,0.8254520000000001
11,1472.27,25.38,0.9348834220475308,90.0,50.0,34.9164,0.45,4.44,6.31,2500.0,0.7032085561497327,0.588908
12,1658.47,28.09,0.9350697515191282,125.0,50.0,39.3324,0.625,6.46,6.86,2500.0,0.941031941031941,0.663388
13,1933.9,28.93,0.9517252255617255,119.0,50.0,45.8644,0.595,6.46,6.19,2500.0,1.0435967302452316,0.77356
14,1490.96,23.97,0.9281124666652668,78.0,50.0,35.3596,0.39,6.09,4.98,2500.0,1.223728813559322,0.596384
15,71.26,6.36,0.801707779886148,18.0,50.0,1.69,0.09,2.41,0.84,2500.0,2.86,0.028504
16,2162.75,28.14,0.9541419567983451,92.0,50.0,51.292,0.46,6.21,6.81,2500.0,0.9108910891089109,0.8651
17,1923.12,26.85,0.9581358609794629,89.0,50.0,45.6088,0.445,6.31,6.93,2500.0,0.9099756690997567,0.7692479999999999
18,2193.92,28.23,0.9485743455115584,99.0,50.0,52.0312,0.495,6.46,6.26,2500.0,1.0323450134770888,0.877568
19,1280.2,22.08,0.9383831765302212,74.0,50.0,30.3612,0.37,5.06,4.81,2500.0,1.0526315789473684,0.51208
1,596.14,21.6,0.7657062391681109,77.0,50.0,14.138,0.385,3.51,6.44,2500.0,0.5445026178010471,0.238456
2,4.06,1.81,0.7109144542772862,3.0,50.0,0.0964,0.015,0.29,0.47,2500.0,0.6071428571428571,0.0016239999999999998
3,629.38,27.16,0.5492897622727607,100.0,50.0,14.9264,0.5,6.27,5.08,2500.0,1.2358803986710964,0.251752
4,987.64,30.11,0.8567227505486467,119.0,50.0,23.4228,0.595,2.16,10.74,2500.0,0.20094191522762953,0.395056
5,349.35,12.66,0.9095819427366942,47.0,50.0,8.2852,0.235,2.85,3.68,2500.0,0.7752293577981652,0.13974
6,44.78,6.71,0.6135890917494801,30.0,50.0,1.062,0.15,2.16,0.93,2500.0,2.327272727272727,0.017912
7,91.84,7.04,0.8611418630396963,28.0,50.0,2.178,0.14,1.91,1.5,2500.0,1.2696629213483146,0.036736000000000005
8,2.06,0.96,0.7011494252873564,2.0,50.0,0.0488,0.01,0.3,0.24,2500.0,1.2857142857142858,0.000824
9,27.04,3.11,0.898542600896861,12.0,50.0,0.6412,0.06,0.98,0.84,2500.0,1.16,0.010816
10,68.92,11.66,0.37475924057598825,51.0,50.0,1.6344,0.255,3.32,2.14,2500.0,1.5511811023622046,0.027568000000000002
11,2382.98,31.92,0.9479358859956927,131.0,50.0,56.5148,0.655,6.7,7.42,2500.0,0.9022727272727272,0.953192
12,1187.62,26.67,0.855816327770823,108.0,50.0,28.1656,0.54,7.44,4.89,2500.0,1.5206896551724138,0.47504799999999997
13,1627.08,27.94,0.9386158651086312,113.0,50.0,38.588,0.565,6.19,5.92,2500.0,1.0455840455840455,0.650832
14,2300.06,29.5,0.9498836771937645,107.0,50.0,54.5484,0.535,6.97,7.51,2500.0,0.9280898876404494,0.920024
15,1764.54,24.58,0.9551982616158573,62.0,50.0,41.848,0.31,5.57,6.17,2500.0,0.9016393442622951,0.705816
16,1480.21,23.99,0.9323488792096037,67.0,50.0,35.1048,0.335,6.41,4.33,2500.0,1.4785992217898833,0.592084
17,2096.15,32.49,0.9308392315470172,146.0,50.0,49.7124,0.73,6.49,6.81,2500.0,0.9529702970297029,0.83846
18,1532.13,26.14,0.9452751849655043,100.0,50.0,36.336,0.5,6.12,6.39,2500.0,0.9577836411609498,0.6128520000000001
19,1948.08,26.92,0.9479342776947951,98.0,50.0,46.2008,0.49,6.19,6.66,2500.0,0.9291139240506329,0.7792319999999999
20,1590.77,29.45,0.9048148965358455,131.0,50.0,37.7268,0.655,6.38,6.98,2500.0,0.9130434782608695,0.636308
21,1373.64,24.27,0.9465053575994236,82.0,50.0,32.5772,0.41,5.38,5.01,2500.0,1.0740740740740742,0.549456
1,6.12,2.18,0.6901140684410646,5.0,50.0,0.1452,0.025,0.27,0.71,2500.0,0.38095238095238093,0.002448
2,1196.76,31.3,0.9161050429932606,119.0,50.0,28.3824,0.595,5.57,4.96,2500.0,1.1224489795918366,0.478704
3,19.38,4.87,0.5808897876643074,20.0,50.0,0.4596,0.1,0.69,1.5,2500.0,0.4606741573033708,0.007751999999999999
4,146.4,7.99,0.839458413926499,30.0,50.0,3.472,0.15,1.65,2.21,2500.0,0.7480916030534351,0.05856
5,14.99,9.23,0.4963707426018984,22.0,50.0,0.3556,0.11,1.25,0.54,2500.0,2.3125,0.0059960000000000005
6,46.21,5.0,0.8292978208232445,18.0,50.0,1.096,0.09,1.4,0.96,2500.0,1.456140350877193,0.018484
7,569.27,25.11,0.5264290727598846,113.0,50.0,13.5008,0.565,4.05,7.19,2500.0,0.5633802816901409,0.227708
8,141.74,15.42,0.7125052988554472,60.0,50.0,3.3616,0.3,5.89,0.78,2500.0,7.586956521739131,0.056696
9,1.69,0.9,0.6535947712418301,2.0,50.0,0.04,0.01,0.29,0.25,2500.0,1.1333333333333333,0.000676
10,4867.76,59.77,0.8524810000206763,227.0,50.0,115.444,1.135,7.51,16.36,2500.0,0.4587628865979381,1.9471040000000002
11,2226.58,30.89,0.9439752876316598,105.0,50.0,52.8056,0.525,6.41,6.56,2500.0,0.9768637532133676,0.890632
12,1131.82,23.49,0.9272626779052093,82.0,50.0,26.8424,0.41,4.45,6.05,2500.0,0.7353760445682451,0.45272799999999996
13,460.16,17.94,0.8100412695585048,67.0,50.0,10.9132,0.335,2.55,5.46,2500.0,0.4660493827160494,0.184064
14,920.49,23.6,0.8669462447579108,102.0,50.0,21.8304,0.51,5.9,7.19,2500.0,0.8215962441314554,0.368196
15,1491.95,24.68,0.929053805677796,89.0,50.0,35.3832,0.445,6.39,4.39,2500.0,1.4576923076923076,0.59678
16,267.75,13.13,0.8080525297770539,56.0,50.0,6.35,0.28,3.14,4.15,2500.0,0.7560975609756098,0.1071
17,786.96,19.63,0.9034912766493038,67.0,50.0,18.6636,0.335,2.46,6.31,2500.0,0.39037433155080214,0.314784
18,1440.66,24.06,0.9513716405110099,84.0,50.0,34.1668,0.42,6.68,4.87,2500.0,1.3702422145328719,0.576264
19,233.23,11.24,0.8514778325123152,51.0,50.0,5.5312,0.255,2.9,2.7,2500.0,1.075,0.093292
20,897.97,19.43,0.9101959175300031,51.0,50.0,21.2964,0.255,2.83,6.38,2500.0,0.4444444444444444,0.359188
21,733.01,21.58,0.908311910882605,72.0,50.0,17.384,0.36,2.5,6.16,2500.0,0.4054794520547945,0.293204
22,1578.76,25.1,0.9551043314116626,99.0,50.0,37.442,0.495,6.0,6.05,2500.0,0.9916434540389972,0.631504
23,1038.01,19.56,0.9197752271640364,58.0,50.0,24.6176,0.29,4.45,4.49,2500.0,0.9924812030075187,0.415204
24,1017.88,20.84,0.9337624359827328,68.0,50.0,24.14,0.34,6.41,3.14,2500.0,2.043010752688172,0.407152
1,1278.63,22.8,0.9315900070044362,79.0,50.0,30.324,0.395,3.81,7.07,2500.0,0.5393794749403341,0.511452
2,571.7,39.63,0.7521913765173202,141.0,50.0,13.5584,0.705,6.31,2.61,2500.0,2.412903225806452,0.22868000000000002
3,925.31,26.13,0.8889140931332836,87.0,50.0,21.9448,0.435,5.67,3.51,2500.0,1.6153846153846154,0.37012399999999995
4,339.7,20.16,0.8184404079808201,78.0,50.0,8.0564,0.39,5.6,1.64,2500.0,3.422680412371134,0.13588
5,4632.93,60.65,0.7723455165568687,226.0,50.0,109.8748,1.13,7.05,16.55,2500.0,0.4260958205912334,1.853172
6,1975.51,29.45,0.9535315379856069,108.0,50.0,46.8512,0.54,6.54,5.84,2500.0,1.1213872832369942,0.790204
7,1239.99,22.85,0.9423096641886696,84.0,50.0,29.4076,0.42,3.68,6.73,2500.0,0.5463659147869674,0.495996
8,1828.77,25.87,0.9565769739744155,87.0,50.0,43.3712,0.435,5.53,6.43,2500.0,0.8608923884514436,0.731508
9,2211.77,29.81,0.9304582898741991,116.0,50.0,52.4544,0.58,6.04,8.35,2500.0,0.7232323232323232,0.8847079999999999
10,2154.64,31.73,0.9409845242742761,104.0,50.0,51.0996,0.52,6.27,6.93,2500.0,0.9051094890510949,0.861856
11,1093.72,21.72,0.9258434345597578,78.0,50.0,25.9388,0.39,6.38,4.1,2500.0,1.5555555555555556,0.437488
12,2272.12,28.12,0.9559404781334487,95.0,50.0,53.8856,0.475,6.29,7.02,2500.0,0.8966346153846154,0.908848
13,1804.28,27.08,0.949538882133125,79.0,50.0,42.7904,0.395,5.52,6.9,2500.0,0.7995110024449877,0.721712
14,1301.41,22.3,0.9518763415657151,81.0,50.0,30.8644,0.405,4.4,5.95,2500.0,0.7393767705382436,0.520564
15,1613.95,26.89,0.9394364814451207,107.0,50.0,38.2764,0.535,6.04,5.18,2500.0,1.1661237785016287,0.64558
1,19.06,2.7,0.8560606060606061,11.0,50.0,0.452,0.055,0.69,0.83,2500.0,0.8367346938775511,0.007624
2,195.61,13.88,0.8199363732767763,61.0,50.0,4.6392,0.305,3.39,2.31,2500.0,1.467153284671533,0.07824400000000001
3,347.85,53.09,0.7316588619270612,166.0,50.0,8.2496,0.83,6.16,2.36,2500.0,2.607142857142857,0.13914
4,2.01,1.07,0.7,2.0,50.0,0.0476,0.01,0.27,0.34,2500.0,0.8,0.0008039999999999999
5,391.36,20.21,0.7965397686313549,84.0,50.0,9.2816,0.42,7.78,1.74,2500.0,4.475728155339806,0.15654400000000002
6,116.63,18.84,0.6267560953503127,72.0,50.0,2.766,0.36,6.31,0.81,2500.0,7.791666666666667,0.046652
7,18.47,3.95,0.7353928811282741,13.0,50.0,0.438,0.065,0.69,0.94,2500.0,0.7321428571428571,0.007388
8,63.54,4.93,0.8586733530886711,16.0,50.0,1.5068,0.08,1.42,1.28,2500.0,1.105263157894737,0.025416
9,312.13,16.65,0.7719517790848037,44.0,50.0,7.4024,0.22,6.22,1.35,2500.0,4.6125,0.124852
10,2187.5,28.16,0.9559670084247923,87.0,50.0,51.8788,0.435,6.05,7.59,2500.0,0.7977777777777778,0.875
11,1331.17,26.41,0.9256001594952444,109.0,50.0,31.57,0.545,5.28,5.48,2500.0,0.963076923076923,0.532468
12,2107.69,28.48,0.9536837767297037,101.0,50.0,49.986,0.505,6.44,6.61,2500.0,0.9744897959183674,0.843076
13,633.11,18.1,0.8953155559795831,53.0,50.0,15.0148,0.265,5.58,2.61,2500.0,2.1354838709677417,0.253244
14,720.81,21.34,0.9059823624183838,73.0,50.0,17.0948,0.365,6.04,2.63,2500.0,2.2948717948717947,0.28832399999999997
15,2110.08,29.23,0.9424824094860708,114.0,50.0,50.0428,0.57,6.09,7.47,2500.0,0.8148984198645598,0.844032
16,2359.23,29.84,0.9386088520278069,111.0,50.0,55.9516,0.555,6.81,7.0,2500.0,0.9734939759036144,0.943692
17,1719.46,27.78,0.9236923411465175,106.0,50.0,40.7788,0.53,5.41,6.56,2500.0,0.8251928020565553,0.6877840000000001
18,2278.52,30.95,0.9394641131023165,134.0,50.0,54.0376,0.67,6.54,8.87,2500.0,0.7376425855513308,0.911408
19,2160.68,29.18,0.9382791099652834,122.0,50.0,51.2428,0.61,6.27,7.24,2500.0,0.8671328671328671,0.8642719999999999
20,2429.17,31.59,0.9078222502363694,112.0,50.0,57.6104,0.56,6.49,8.33,2500.0,0.7793522267206477,0.971668
21,1913.1,26.86,0.954869558629166,84.0,50.0,45.3712,0.42,6.04,6.36,2500.0,0.9496021220159151,0.7652399999999999
22,1317.47,23.83,0.9327482237745537,90.0,50.0,31.2452,0.45,5.65,5.01,2500.0,1.127946127946128,0.526988
1,298.4,19.74,0.7385514506366103,52.0,50.0,7.0768,0.26,6.05,1.28,2500.0,4.723684210526316,0.11936
2,62.98,11.48,0.6672623302358828,42.0,50.0,1.4936,0.21,2.01,1.28,2500.0,1.5657894736842106,0.025192
3,8.69,3.13,0.666235446313066,8.0,50.0,0.206,0.04,0.91,0.94,2500.0,0.9642857142857143,0.003476
4,813.12,30.79,0.8644432490586337,103.0,50.0,19.284,0.515,5.99,3.15,2500.0,1.8983957219251337,0.325248
5,640.17,19.26,0.8906931994180316,68.0,50.0,15.1824,0.34,5.97,2.23,2500.0,2.6818181818181817,0.25606799999999996
6,1824.62,36.54,0.922511490675285,138.0,50.0,43.2728,0.69,5.65,6.58,2500.0,0.8589743589743589,0.7298479999999999
7,1606.88,26.42,0.9440629428143921,90.0,50.0,38.1088,0.45,5.77,5.82,2500.0,0.991304347826087,0.642752
8,3878.25,46.6,0.9359258234154443,179.0,50.0,91.9768,0.895,6.24,12.4,2500.0,0.5034013605442177,1.5513
9,1453.28,24.69,0.9447087974739058,78.0,50.0,34.466,0.39,6.31,4.45,2500.0,1.4166666666666667,0.5813119999999999
10,1585.39,24.4,0.9400834091750092,86.0,50.0,37.5992,0.43,5.14,6.24,2500.0,0.8243243243243243,0.634156
11,2302.0,30.53,0.9530879025725538,99.0,50.0,54.5944,0.495,6.86,7.13,2500.0,0.9621749408983451,0.9208
12,1621.08,27.94,0.9151099685804056,124.0,50.0,38.4456,0.62,5.26,6.56,2500.0,0.8020565552699229,0.648432
13,637.36,19.5,0.8813144269788703,63.0,50.0,15.1156,0.315,6.43,2.14,2500.0,3.0,0.254944
14,3974.05,46.33,0.8974161702646293,177.0,50.0,94.2488,0.885,10.34,8.79,2500.0,1.1765834932821497,1.58962
15,2435.9,29.7,0.9529732369087838,122.0,50.0,57.77,0.61,6.11,8.57,2500.0,0.7125984251968503,0.97436
16,1210.81,22.03,0.9345214074642992,71.0,50.0,28.7156,0.355,3.59,6.36,2500.0,0.5649867374005305,0.484324
17,1216.32,22.66,0.9362066727249124,82.0,50.0,28.8464,0.41,3.74,6.17,2500.0,0.6065573770491803,0.48652799999999996
1,233.45,17.3,0.7490529278060396,50.0,50.0,5.5364,0.25,5.82,1.18,2500.0,4.928571428571429,0.09337999999999999
2,21.12,4.21,0.7854454203262233,14.0,50.0,0.5008,0.07,0.64,1.01,2500.0,0.6333333333333333,0.008448
3,221.91,27.11,0.7620619750941211,102.0,50.0,5.2628,0.51,5.19,1.15,2500.0,4.529411764705882,0.088764
4,84.4,15.7,0.4572786256054098,52.0,50.0,2.0016,0.26,5.8,0.98,2500.0,5.931034482758621,0.033760000000000005
5,2152.3,37.09,0.8524211271651203,127.0,50.0,51.044,0.635,6.41,8.16,2500.0,0.7851239669421488,0.86092
6,1725.85,25.88,0.9447162878298281,90.0,50.0,40.9304,0.45,5.28,6.53,2500.0,0.8087855297157622,0.69034
7,2236.8,30.4,0.9395412103093076,117.0,50.0,53.048,0.585,6.56,7.22,2500.0,0.9088785046728972,0.8947200000000001
8,2189.62,29.86,0.9476408070308622,100.0,50.0,51.9292,0.5,6.66,6.43,2500.0,1.036745406824147,0.875848
9,283.71,12.52,0.8826214712981425,56.0,50.0,6.7284,0.28,1.94,4.15,2500.0,0.46747967479674796,0.11348399999999999
10,318.59,15.22,0.8420559914407989,39.0,50.0,7.5556,0.195,1.26,6.05,2500.0,0.20891364902506965,0.127436
11,2244.3,29.94,0.9587299071278811,106.0,50.0,53.226,0.53,6.98,6.14,2500.0,1.1373626373626373,0.8977200000000001
12,2155.77,30.42,0.9335290723577058,127.0,50.0,51.1264,0.635,6.26,8.72,2500.0,0.7176015473887815,0.862308
13,2141.05,29.5,0.9457830427656087,107.0,50.0,50.7772,0.535,5.89,6.88,2500.0,0.8553921568627451,0.8564200000000001
14,11.13,2.82,0.5983680870353582,9.0,50.0,0.264,0.045,0.69,0.76,2500.0,0.9111111111111111,0.004452
15,828.92,27.2,0.6093862368257904,97.0,50.0,19.6588,0.485,4.32,8.65,2500.0,0.49902534113060426,0.331568
16,2397.06,33.61,0.8847291131045387,125.0,50.0,56.8488,0.625,6.51,8.77,2500.0,0.7423076923076923,0.958824
17,177.7,9.05,0.8898648648648648,34.0,50.0,4.2144,0.17,1.8,2.5,2500.0,0.722972972972973,0.07107999999999999
18,2377.48,30.89,0.9406744032405523,98.0,50.0,56.3844,0.49,6.44,6.95,2500.0,0.9271844660194175,0.9509920000000001
19,1847.66,29.77,0.9352605202721739,106.0,50.0,43.8192,0.53,5.9,6.41,2500.0,0.9210526315789473,0.739064
20,3.27,1.24,0.6855123674911661,1.0,50.0,0.0776,0.005,0.39,0.29,2500.0,1.3529411764705883,0.001308
1,2039.14,30.94,0.949367486199342,104.0,50.0,48.3604,0.52,6.38,6.41,2500.0,0.9947368421052631,0.815656
2,6.75,4.02,0.5095541401273885,6.0,50.0,0.16,0.03,0.78,0.44,2500.0,1.7692307692307692,0.0027
3,1669.23,44.28,0.9355674244930756,171.0,50.0,39.5876,0.855,6.27,5.68,2500.0,1.1038575667655786,0.667692
4,1601.62,50.03,0.9176475135772405,174.0,50.0,37.984,0.87,6.09,5.68,2500.0,1.0712166172106825,0.640648
5,1817.49,28.88,0.9506497401921431,99.0,50.0,43.1036,0.495,6.17,6.7,2500.0,0.9219143576826196,0.726996
6,1965.69,27.05,0.9473513082919454,75.0,50.0,46.6184,0.375,6.27,5.97,2500.0,1.0508474576271187,0.786276
7,1720.19,27.24,0.9408411206331928,97.0,50.0,40.796,0.485,6.21,5.92,2500.0,1.0484330484330484,0.688076
8,1965.64,28.04,0.9460426982709635,86.0,50.0,46.6172,0.43,6.53,5.57,2500.0,1.1727272727272726,0.7862560000000001
9,2475.99,36.06,0.8341828472068324,133.0,50.0,58.7208,0.665,6.43,10.02,2500.0,0.6414141414141414,0.9903959999999999
10,2182.88,29.07,0.9540458656759326,91.0,50.0,51.7692,0.455,6.43,6.86,2500.0,0.9361179361179361,0.873152
11,2014.82,26.99,0.9553586423653042,88.0,50.0,47.7836,0.44,6.59,6.0,2500.0,1.098314606741573,0.805928
12,2056.92,27.07,0.9525650638922736,87.0,50.0,48.782,0.435,6.27,6.29,2500.0,0.9973190348525469,0.822768
13,1589.71,24.34,0.9544998835407658,74.0,50.0,37.7016,0.37,4.77,6.39,2500.0,0.7467018469656992,0.635884
14,2002.36,29.08,0.9536049350983165,107.0,50.0,47.488,0.535,6.21,6.92,2500.0,0.8975609756097561,0.800944
15,2135.82,28.23,0.9428622484308339,82.0,50.0,50.6532,0.41,6.38,6.26,2500.0,1.0188679245283019,0.8543280000000001
16,1275.0,21.71,0.9411376567110292,55.0,50.0,30.238,0.275,5.04,5.13,2500.0,0.9835526315789473,0.51
17,1.72,0.64,0.8947368421052632,0.0,50.0,0.0408,0.0,0.22,0.2,2500.0,1.0833333333333333,0.000688
1,592.63,21.09,0.9015266196279667,72.0,50.0,14.0548,0.36,6.59,2.11,2500.0,3.128,0.23705199999999998
2,198.43,15.42,0.8088690271570986,43.0,50.0,4.706,0.215,6.05,0.83,2500.0,7.326530612244898,0.079372
3,76.47,15.44,0.4436833349642822,53.0,50.0,1.8136,0.265,5.52,0.79,2500.0,6.957446808510638,0.030588
4,244.58,27.03,0.7661136939983094,75.0,50.0,5.8004,0.375,6.17,1.13,2500.0,5.462686567164179,0.097832
5,695.04,18.69,0.9043407654494382,55.0,50.0,16.4836,0.275,6.43,2.38,2500.0,2.702127659574468,0.278016
6,1742.28,26.98,0.9524512018588012,90.0,50.0,41.32,0.45,6.34,5.4,2500.0,1.175,0.696912
7,1823.1,26.93,0.9337353040263296,83.0,50.0,43.2368,0.415,5.33,6.73,2500.0,0.7919799498746867,0.72924
8,1879.82,27.14,0.9366438643965241,84.0,50.0,44.582,0.42,5.9,6.16,2500.0,0.958904109589041,0.7519279999999999
9,1694.55,25.56,0.9500799061929663,83.0,50.0,40.188,0.415,6.48,4.91,2500.0,1.3195876288659794,0.67782
10,2058.45,28.82,0.9537526179237911,97.0,50.0,48.8184,0.485,6.19,6.88,2500.0,0.8995098039215687,0.8233799999999999
11,2837.44,33.81,0.945394466954015,115.0,50.0,67.2928,0.575,6.43,8.89,2500.0,0.7229601518026565,1.134976
12,1726.92,24.29,0.9535468489527552,53.0,50.0,40.9556,0.265,5.08,6.36,2500.0,0.7984084880636605,0.690768
13,2002.27,27.56,0.9528300372415565,85.0,50.0,47.486,0.425,5.85,6.8,2500.0,0.8610421836228288,0.800908
14,1906.25,33.22,0.8151957531519576,147.0,50.0,45.2088,0.735,5.62,9.7,2500.0,0.5791304347826087,0.7625
15,1982.03,29.39,0.950391834952163,109.0,50.0,47.006,0.545,6.12,6.58,2500.0,0.9307692307692308,0.792812
16,1992.29,27.44,0.9584793898085038,92.0,50.0,47.2492,0.46,5.82,6.43,2500.0,0.905511811023622,0.796916
17,2207.59,28.07,0.9547526825247463,101.0,50.0,52.3552,0.505,6.58,6.71,2500.0,0.9798994974874372,0.883036
1,679.57,35.27,0.8630239681281727,127.0,50.0,16.1168,0.635,6.09,2.53,2500.0,2.4066666666666667,0.271828
2,225.97,16.1,0.7696461397058824,53.0,50.0,5.3592,0.265,6.32,1.59,2500.0,3.9893617021276597,0.090388
3,18.11,7.71,0.5963353692393115,18.0,50.0,0.4296,0.09,1.52,0.61,2500.0,2.5,0.007244
4,269.12,17.81,0.8183823152279838,64.0,50.0,6.3824,0.32,5.77,1.64,2500.0,3.5257731958762886,0.10764800000000001
5,1865.47,71.07,0.8992487560571075,269.0,50.0,44.2416,1.345,5.68,6.83,2500.0,0.8320987654320988,0.746188
6,1646.33,28.5,0.9251438265929921,119.0,50.0,39.0444,0.595,6.31,7.69,2500.0,0.8201754385964912,0.658532
7,1427.25,23.13,0.9461632210382728,76.0,50.0,33.8488,0.38,4.28,6.27,2500.0,0.6827956989247311,0.5709
8,1054.78,23.91,0.9028541729828057,77.0,50.0,25.0152,0.385,6.61,3.69,2500.0,1.7899543378995433,0.421912
9,2127.52,28.5,0.943089126972853,93.0,50.0,50.4564,0.465,6.63,6.39,2500.0,1.036939313984169,0.851008
10,133.83,16.45,0.49940210208320224,51.0,50.0,3.174,0.255,6.34,0.91,2500.0,6.962962962962963,0.053532
11,2289.81,31.24,0.9263494749483137,106.0,50.0,54.3052,0.53,6.56,6.93,2500.0,0.9464720194647201,0.915924
12,1381.95,22.14,0.9276333665428856,62.0,50.0,32.7744,0.31,6.05,4.6,2500.0,1.315018315018315,0.55278
13,1346.18,24.0,0.9420255644599714,82.0,50.0,31.926,0.41,5.95,4.79,2500.0,1.2429577464788732,0.5384720000000001
14,14.98,3.75,0.592,14.0,50.0,0.3552,0.07,1.06,0.78,2500.0,1.3695652173913044,0.005992
15,2210.13,30.35,0.9495786140278412,114.0,50.0,52.4156,0.57,6.43,6.76,2500.0,0.9501246882793017,0.8840520000000001
16,1624.76,26.95,0.9205511916365652,117.0,50.0,38.5328,0.585,4.89,6.71,2500.0,0.7286432160804021,0.649904
17,2227.37,29.12,0.9433737177472354,97.0,50.0,52.8244,0.485,6.92,6.73,2500.0,1.0275689223057645,0.890948
18,1566.08,27.35,0.9407884738137937,96.0,50.0,37.1412,0.48,5.11,5.85,2500.0,0.8731988472622478,0.626432
1,697.82,64.62,0.747673346946889,221.0,50.0,16.5496,1.105,2.88,6.12,2500.0,0.47107438016528924,0.27912800000000004
2,576.5,24.36,0.8572037617554858,90.0,50.0,13.6724,0.45,6.39,2.45,2500.0,2.613793103448276,0.2306
3,588.28,37.51,0.8901110118667858,111.0,50.0,13.9516,0.555,6.26,2.26,2500.0,2.7686567164179103,0.235312
4,548.29,47.77,0.823070690702856,151.0,50.0,13.0032,0.755,4.91,2.73,2500.0,1.7962962962962963,0.21931599999999998
5,834.49,21.54,0.9174129906732676,91.0,50.0,19.7908,0.455,6.12,3.32,2500.0,1.8426395939086295,0.333796
6,2240.07,31.89,0.9397970591981433,132.0,50.0,53.1256,0.66,7.0,6.75,2500.0,1.0375,0.896028
7,2364.32,29.85,0.956801583509658,96.0,50.0,56.0724,0.48,6.56,6.88,2500.0,0.9534313725490197,0.945728
8,1508.62,24.61,0.9453281053488201,78.0,50.0,35.7784,0.39,6.36,4.69,2500.0,1.356115107913669,0.603448
9,788.43,18.53,0.9365871250826471,66.0,50.0,18.6984,0.33,5.38,3.12,2500.0,1.7243243243243243,0.315372
10,1644.64,26.14,0.9474814411753274,103.0,50.0,39.0044,0.515,6.8,5.79,2500.0,1.1749271137026238,0.657856
11,1460.95,25.64,0.8804635088432609,93.0,50.0,34.648,0.465,4.22,7.61,2500.0,0.5543237250554324,0.58438
12,1544.32,24.87,0.9539501786774741,74.0,50.0,36.6252,0.37,6.38,4.91,2500.0,1.2989690721649485,0.6177279999999999
13,1544.66,23.79,0.9345776272016654,74.0,50.0,36.6332,0.37,6.34,4.91,2500.0,1.2920962199312716,0.6178640000000001
14,1016.49,21.21,0.9344310588089368,71.0,50.0,24.1072,0.355,5.85,4.1,2500.0,1.4279835390946503,0.406596
15,1022.08,24.4,0.8535671526163814,96.0,50.0,24.2396,0.48,3.37,9.77,2500.0,0.3454231433506045,0.40883200000000003
16,2170.34,28.75,0.9550174037598058,95.0,50.0,51.472,0.475,5.99,7.67,2500.0,0.7802197802197802,0.868136
17,1383.67,23.18,0.9346397037880946,94.0,50.0,32.8152,0.47,4.15,6.34,2500.0,0.6542553191489362,0.5534680000000001
18,2149.06,28.5,0.9375933597745384,90.0,50.0,50.9672,0.45,6.34,6.27,2500.0,1.010752688172043,0.8596239999999999
19,1447.27,25.48,0.8835358319604613,83.0,50.0,34.3236,0.415,6.54,4.62,2500.0,1.416058394160584,0.578908
1,1859.23,34.14,0.9266709819514615,119.0,50.0,44.0936,0.595,5.79,6.65,2500.0,0.8705583756345178,0.743692
2,604.47,35.94,0.5119418335571236,148.0,50.0,14.3356,0.74,3.46,8.03,2500.0,0.43067226890756305,0.241788
3,2.5,1.45,0.550185873605948,3.0,50.0,0.0592,0.015,0.49,0.35,2500.0,1.380952380952381,0.001
4,949.4,24.67,0.907551915387592,98.0,50.0,22.516,0.49,6.09,3.63,2500.0,1.6790697674418604,0.37976
5,497.49,20.39,0.6718753559144439,101.0,50.0,11.7984,0.505,4.72,4.67,2500.0,1.0108303249097472,0.198996
6,1116.34,28.26,0.8450646681051543,136.0,50.0,26.4752,0.68,4.79,9.34,2500.0,0.5126353790613718,0.446536
7,119.83,19.11,0.49688789425833974,79.0,50.0,2.842,0.395,1.4,3.86,2500.0,0.3624454148471616,0.047932
8,366.18,16.58,0.8873584828544571,72.0,50.0,8.6844,0.36,4.45,2.13,2500.0,2.0952380952380953,0.146472
9,409.88,13.22,0.8983771394772837,52.0,50.0,9.7208,0.26,3.53,3.31,2500.0,1.066326530612245,0.163952
10,699.26,19.88,0.9150885092482232,67.0,50.0,16.5836,0.335,6.0,2.95,2500.0,2.0342857142857143,0.279704
11,762.89,20.75,0.906071593117125,91.0,50.0,18.0928,0.455,5.58,5.6,2500.0,0.9969879518072289,0.305156
12,1245.59,24.51,0.948059617186798,116.0,50.0,29.5404,0.58,6.53,5.55,2500.0,1.1762917933130699,0.49823599999999996
13,163.7,8.78,0.9056638984790519,36.0,50.0,3.8824,0.18,1.5,2.88,2500.0,0.52046783625731,0.06548
14,720.58,16.28,0.9162520374024191,50.0,50.0,17.0892,0.25,3.88,3.73,2500.0,1.0407239819004526,0.28823200000000004
15,372.04,11.55,0.9333559006473998,33.0,50.0,8.8232,0.165,2.36,3.42,2500.0,0.6896551724137931,0.148816
16,1687.79,38.63,0.7776940174394206,164.0,50.0,40.0276,0.82,3.98,14.29,2500.0,0.27863046044864226,0.6751159999999999
17,809.66,33.02,0.5068309472528401,143.0,50.0,19.202,0.715,3.51,11.05,2500.0,0.31755725190839695,0.323864
18,454.19,18.27,0.7014039017529237,86.0,50.0,10.7716,0.43,4.25,4.28,2500.0,0.9921259842519685,0.181676
19,1047.41,24.09,0.8483743169398907,98.0,50.0,24.8404,0.49,6.58,3.74,2500.0,1.7567567567567568,0.41896400000000006
20,685.86,25.04,0.6809504671958203,93.0,50.0,16.266,0.465,3.46,7.93,2500.0,0.43617021276595747,0.27434400000000003
21,441.22,21.04,0.6245821793524974,90.0,50.0,10.464,0.45,3.05,7.54,2500.0,0.40492170022371365,0.176488
22,500.0,16.85,0.8914985114125041,61.0,50.0,11.858,0.305,2.23,5.8,2500.0,0.38372093023255816,0.2
23,1248.62,22.99,0.924624684635176,78.0,50.0,29.6124,0.39,5.95,4.22,2500.0,1.412,0.49944799999999995
24,505.85,14.86,0.9141951412808242,58.0,50.0,11.9968,0.29,2.77,4.5,2500.0,0.6142322097378277,0.20234000000000002
1,51.05,6.55,0.6896787423103212,23.0,50.0,1.2108,0.115,2.29,0.89,2500.0,2.5660377358490565,0.020419999999999997
2,18.74,3.99,0.5744570837642192,15.0,50.0,0.4444,0.075,1.0,0.89,2500.0,1.1132075471698113,0.007495999999999999
3,213.58,16.56,0.6881691212434107,52.0,50.0,5.0652,0.26,5.3,1.69,2500.0,3.14,0.08543200000000001
4,103.93,7.83,0.824678800856531,27.0,50.0,2.4648,0.135,1.64,1.79,2500.0,0.9150943396226415,0.041572000000000005
5,4.1,2.4,0.5955882352941176,5.0,50.0,0.0972,0.025,1.03,0.29,2500.0,3.588235294117647,0.00164
6,167.21,13.11,0.522724876094063,58.0,50.0,3.9656,0.29,2.53,4.28,2500.0,0.5905511811023622,0.066884
7,1.8,0.98,0.6993464052287581,0.0,50.0,0.0428,0.0,0.47,0.13,2500.0,3.5,0.00072
8,274.24,17.22,0.6610831029435681,71.0,50.0,6.504,0.355,1.69,6.0,2500.0,0.2808988764044944,0.109696
9,417.59,17.7,0.7538822239814871,74.0,50.0,9.9036,0.37,5.84,2.8,2500.0,2.0843373493975905,0.167036
10,2.53,1.5,0.5555555555555556,1.0,50.0,0.06,0.005,0.15,0.62,2500.0,0.24324324324324326,0.0010119999999999999
11,112.92,10.54,0.7722920752105202,40.0,50.0,2.678,0.2,1.08,3.09,2500.0,0.34972677595628415,0.045168
12,82.58,14.66,0.4536693847294292,51.0,50.0,1.9584,0.255,0.73,5.82,2500.0,0.1246376811594203,0.033032
13,33.24,5.36,0.655688622754491,19.0,50.0,0.7884,0.095,1.26,1.16,2500.0,1.0869565217391304,0.013296
14,107.52,16.28,0.46662274923144487,58.0,50.0,2.55,0.29,0.78,6.07,2500.0,0.12777777777777777,0.043008
15,63.86,13.46,0.5160850599781898,50.0,50.0,1.5144,0.25,0.59,5.04,2500.0,0.11705685618729098,0.025544
16,118.74,7.89,0.8751864743908503,29.0,50.0,2.816,0.145,2.53,1.45,2500.0,1.744186046511628,0.047496
17,2.33,0.85,0.8518518518518519,0.0,50.0,0.0552,0.0,0.2,0.34,2500.0,0.6,0.000932
18,256.1,10.41,0.883304246655032,40.0,50.0,6.0736,0.2,2.29,2.55,2500.0,0.9006622516556292,0.10244
19,594.85,22.47,0.6944356934708986,100.0,50.0,14.1076,0.5,4.03,5.95,2500.0,0.6770538243626062,0.23794
20,224.61,17.17,0.7226895316654909,51.0,50.0,5.3268,0.255,6.46,1.11,2500.0,5.803030303030303,0.08984400000000001
21,264.9,14.38,0.8583920861343389,51.0,50.0,6.2824,0.255,5.14,1.97,2500.0,2.606837606837607,0.10595999999999998
22,52.62,6.26,0.7494595243814557,27.0,50.0,1.248,0.135,1.53,1.74,2500.0,0.883495145631068,0.021047999999999997
23,411.94,50.87,0.6193797073517106,230.0,50.0,9.7696,1.15,4.33,3.91,2500.0,1.1077586206896552,0.164776
24,37.39,7.07,0.6422363847045192,27.0,50.0,0.8868,0.135,1.4,1.26,2500.0,1.1066666666666667,0.014956
25,34.83,3.83,0.8333333333333334,10.0,50.0,0.826,0.05,1.0,1.05,2500.0,0.9516129032258065,0.013932
26,37.63,6.59,0.6233584800223526,28.0,50.0,0.8924,0.14,1.4,1.13,2500.0,1.2388059701492538,0.015052000000000001
27,12.89,2.79,0.7290076335877863,11.0,50.0,0.3056,0.055,0.51,0.91,2500.0,0.5555555555555556,0.005156
28,131.25,16.31,0.4305632400132787,72.0,50.0,3.1128,0.36,1.89,4.01,2500.0,0.47058823529411764,0.0525
29,213.07,11.93,0.7371338545921344,54.0,50.0,5.0532,0.27,3.54,2.75,2500.0,1.2883435582822085,0.085228
30,45.94,8.38,0.503791381542445,30.0,50.0,1.0896,0.15,0.66,3.34,2500.0,0.19696969696969696,0.018376
31,53.09,7.13,0.6594051110180142,29.0,50.0,1.2592,0.145,1.77,1.13,2500.0,1.5671641791044777,0.021236
32,15.65,3.77,0.6558303886925795,15.0,50.0,0.3712,0.075,0.44,1.38,2500.0,0.3170731707317073,0.00626
33,103.95,7.83,0.7568463711162962,30.0,50.0,2.4652,0.15,1.32,2.87,2500.0,0.4588235294117647,0.04158
34,55.68,4.67,0.8812066203950881,16.0,50.0,1.3204,0.08,0.88,1.65,2500.0,0.5306122448979592,0.022272
35,259.86,15.92,0.8055947712418301,45.0,50.0,6.1628,0.225,5.4,1.23,2500.0,4.383561643835616,0.10394400000000001
36,3.41,1.03,0.8977777777777778,0.0,50.0,0.0808,0.0,0.25,0.39,2500.0,0.6521739130434783,0.001364
37,55.73,14.9,0.28380003435835766,52.0,50.0,1.3216,0.26,0.94,6.0,2500.0,0.15730337078651685,0.022292
38,260.36,16.31,0.7855180134337472,51.0,50.0,6.1748,0.255,6.59,1.0,2500.0,6.627118644067797,0.104144
39,301.67,19.24,0.7376886909180895,77.0,50.0,7.1544,0.385,6.26,1.3,2500.0,4.818181818181818,0.12066800000000001
40,195.07,15.31,0.7746818486269257,48.0,50.0,4.6264,0.24,6.04,1.2,2500.0,5.042253521126761,0.078028
41,285.22,15.51,0.670114122681883,68.0,50.0,6.7644,0.34,3.41,2.78,2500.0,1.2242424242424241,0.11408800000000001
42,122.01,9.37,0.6811034742491291,41.0,50.0,2.8936,0.205,2.43,1.74,2500.0,1.3980582524271845,0.048804
43,56.62,12.88,0.22782490668476416,53.0,50.0,1.3428,0.265,1.8,3.27,2500.0,0.5515463917525774,0.022647999999999998
44,139.79,7.15,0.907875999561836,19.0,50.0,3.3152,0.095,1.91,1.92,2500.0,0.9912280701754386,0.055915999999999993
45,322.45,18.19,0.6168688693856479,84.0,50.0,7.6472,0.42,3.44,6.49,2500.0,0.5298701298701298,0.12897999999999998
46,108.01,7.09,0.8661076548552881,24.0,50.0,2.5616,0.12,1.38,2.13,2500.0,0.6507936507936508,0.043204
47,65.02,6.62,0.801621958827199,26.0,50.0,1.542,0.13,0.89,2.28,2500.0,0.3925925925925926,0.026008
48,17.81,3.07,0.8205128205128205,13.0,50.0,0.4224,0.065,0.62,0.91,2500.0,0.6851851851851852,0.007123999999999999
49,201.7,10.29,0.8923295030592449,47.0,50.0,4.7836,0.235,2.36,2.09,2500.0,1.1290322580645162,0.08068
50,105.41,7.57,0.812743823146944,34.0,50.0,2.5,0.17,2.56,1.33,2500.0,1.9240506329113924,0.042164
51,3.27,1.16,0.782258064516129,0.0,50.0,0.0776,0.0,0.22,0.46,2500.0,0.48148148148148145,0.001308
52,621.17,14.51,0.9547870271951884,44.0,50.0,14.7316,0.22,3.37,3.85,2500.0,0.8771929824561403,0.248468
53,6.49,2.03,0.6374172185430463,4.0,50.0,0.154,0.02,0.57,0.46,2500.0,1.2592592592592593,0.0025960000000000002
54,211.4,18.18,0.6773670557717251,78.0,50.0,5.0136,0.39,6.65,0.98,2500.0,6.793103448275862,0.08456
55,25.32,6.11,0.3903771131339402,24.0,50.0,0.6004,0.12,2.02,1.48,2500.0,1.3636363636363635,0.010128
56,388.16,18.86,0.7906417479730659,61.0,50.0,9.2056,0.305,6.48,1.67,2500.0,3.878787878787879,0.155264
57,25.67,5.25,0.7179245283018868,16.0,50.0,0.6088,0.08,0.91,0.94,2500.0,0.9642857142857143,0.010268000000000001
58,1.69,0.81,0.7142857142857143,2.0,50.0,0.04,0.01,0.29,0.25,2500.0,1.1333333333333333,0.000676
59,39.43,9.28,0.3601910337390233,36.0,50.0,0.9352,0.18,1.33,2.43,2500.0,0.5486111111111112,0.015772
60,149.92,14.69,0.5652422739412438,60.0,50.0,3.5556,0.3,5.26,1.79,2500.0,2.943396226415094,0.059967999999999994
61,75.9,12.93,0.49073064340239914,56.0,50.0,1.8,0.28,1.86,2.06,2500.0,0.9016393442622951,0.03036
62,35.59,6.39,0.612126486800116,16.0,50.0,0.844,0.08,2.33,0.57,2500.0,4.0588235294117645,0.014236000000000002
63,7.86,3.08,0.46368159203980097,9.0,50.0,0.1864,0.045,0.49,1.0,2500.0,0.4915254237288136,0.003144
64,272.59,23.42,0.49995359915859805,105.0,50.0,6.4648,0.525,2.16,6.27,2500.0,0.34408602150537637,0.109036
65,3.15,0.86,0.9639175257731959,0.0,50.0,0.0748,0.0,0.2,0.32,2500.0,0.631578947368421,0.00126
66,3.39,1.66,0.5661971830985916,4.0,50.0,0.0804,0.02,0.39,0.37,2500.0,1.0454545454545454,0.001356
67,63.16,9.25,0.5926570659914543,42.0,50.0,1.498,0.21,2.66,2.4,2500.0,1.1126760563380282,0.025263999999999998
68,385.29,17.6,0.8579261651706914,57.0,50.0,9.1376,0.285,6.17,1.74,2500.0,3.5533980582524274,0.154116
69,5.04,2.38,0.6268343815513627,9.0,50.0,0.1196,0.045,0.51,0.49,2500.0,1.0344827586206897,0.002016
70,16.87,4.5,0.5743825387708213,13.0,50.0,0.4,0.065,1.1,0.67,2500.0,1.625,0.0067480000000000005
71,78.48,15.7,0.26344694825048126,62.0,50.0,1.8612,0.31,5.72,2.36,2500.0,2.4214285714285713,0.031392
72,1.8,0.69,0.8770491803278688,0.0,50.0,0.0428,0.0,0.25,0.2,2500.0,1.25,0.00072
73,133.41,11.45,0.7104365008083349,38.0,50.0,3.164,0.19,3.74,1.03,2500.0,3.639344262295082,0.053364
74,367.97,13.93,0.9093826851736068,62.0,50.0,8.7268,0.31,4.28,2.5,2500.0,1.7162162162162162,0.147188
75,172.0,16.5,0.7277008705580135,47.0,50.0,4.0792,0.235,6.49,0.71,2500.0,9.166666666666666,0.0688
76,144.43,7.01,0.9205547194151795,22.0,50.0,3.4252,0.11,1.42,2.38,2500.0,0.5957446808510638,0.057772000000000004
77,179.34,18.73,0.5040053088116794,83.0,50.0,4.2532,0.415,6.54,1.5,2500.0,4.359550561797753,0.07173600000000001
78,32.79,4.06,0.7970479704797048,15.0,50.0,0.7776,0.075,1.18,0.83,2500.0,1.4285714285714286,0.013116
79,128.47,9.46,0.8207974137931034,32.0,50.0,3.0468,0.16,3.09,1.33,2500.0,2.3164556962025316,0.051387999999999996
80,54.48,6.79,0.6804297451021698,20.0,50.0,1.292,0.1,2.38,0.83,2500.0,2.877551020408163,0.021792
81,65.05,8.47,0.7183833116036505,33.0,50.0,1.5428,0.165,2.73,0.81,2500.0,3.375,0.026019999999999998
